Label,Description,Expression,PARK_LOC1,PARK_LOC2,PARK_LOC3,PARK_LOC4,PARK_LOC5,PARK_ESCORT,RENTAL,SHUTTLEVAN,HOTEL_COURTESY,RIDEHAIL_LOC1,RIDEHAIL_LOC2,TAXI_LOC1,TAXI_LOC2,CURB_LOC1,CURB_LOC2,CURB_LOC3,CURB_LOC4,CURB_LOC5,WALK_BUS,WALK_LR,WALK_CR,WALK_FR,WALK_FP,EMP_WALK,EMP_TRANSIT
res_bus,Resident Bus,@df.purpose_id ==0,,,,,,,-999,-999,-999,,,,,,,,,,,,,,,-999,-999
res_per,Resident Personal,@df.purpose_id ==1,,,,,,,-999,-999,-999,,,,,,,,,,,,,,,-999,-999
non_emp,Non Employee,@df.purpose_id !=5,,,,,,,,,,,,,,,,,,,,,,,,-999,-999
emp_walk,Employee Walk,@(df.purpose_id ==5) & (df.emp_trip_mode == 'EMP_WALK'),-999,-999,-999,-999,-999,-999,-999,-999,-999,-999,-999,-999,-999,-999,-999,-999,-999,-999,-999,-999,-999,-999,-999,,-999
emp_tran,Employee Transit,@(df.purpose_id ==5) & (df.emp_trip_mode == 'EMP_TRANSIT'),-999,-999,-999,-999,-999,-999,-999,-999,-999,-999,-999,-999,-999,-999,-999,-999,-999,-999,-999,-999,-999,-999,-999,-999,
vis_bus,Visitor Bus,@df.purpose_id ==2,-999,-999,-999,-999,-999,,,,,,,,,,,,,,,,,,,-999,-999
vis_per,Visitor Per,@df.purpose_id ==3,-999,-999,-999,-999,-999,,,,,,,,,,,,,,,,,,,-999,-999
#,Curb locations are segmented by direction,,,,,,,,,,,,,,,,,,,,,,,,,,
curbloc1_av_dropoff_only,Curb dropoff location available only if inbound to airport,@df.outbound,,,,,,,,,,,,,,-999,,,,,,,,,,,
curbloc1_av_pickup_only,Curb pickup location available only if outbound form airport,@~df.outbound,,,,,,,,,,,,,,,-999,,,,,,,,,,
#,availability conditions,,,,,,,,,,,,,,,,,,,,,,,,,,
parkloc1_av,,@df['parkloc1_av'],-999,,,,,,,,,,,,,,,,,,,,,,,,
parkloc2_av,,@df['parkloc2_av'],,-999,,,,,,,,,,,,,,,,,,,,,,,
parkloc3_av,,@df['parkloc3_av'],,,-999,,,,,,,,,,,,,,,,,,,,,,
parkloc4_av,,@df['parkloc4_av'],,,,-999,,,,,,,,,,,,,,,,,,,,,
parkloc5_av,,@df['parkloc5_av'],,,,,-999,,,,,,,,,,,,,,,,,,,,
curbloc1_av,,@df['curbloc1_av'],,,,,,,,,,,,,,-999,,,,,,,,,,,
curbloc2_av,,@df['curbloc2_av'],,,,,,,,,,,,,,,-999,,,,,,,,,,
curbloc3_av,,@df['curbloc3_av'],,,,,,,,,,,,,,,,-999,,,,,,,,,
curbloc4_av,,@df['curbloc4_av'],,,,,,,,,,,,,,,,,-999,,,,,,,,
curbloc5_av,,@df['curbloc5_av'],,,,,,,,,,,,,,,,,,-999,,,,,,,
ridehailloc1_av,,@df['ridehailloc1_av'],,,,,,,,,,-999,,-999,,,,,,,,,,,,,
ridehailloc2_av,,@df['ridehailloc2_av'],,,,,,,,,,,-999,,-999,,,,,,,,,,,,
#,Park Loc 1,,,,,,,,,,,,,,,,,,,,,,,,,,
util_park1_res_ivt,IVT to + at airport - park loc 1 - resident,@df.is_res_non_bus * (df['partySizeParkLocation1AutoIVT'] + parkLocation1InVehicleTime),coef_ivt_res,,,,,,,,,,,,,,,,,,,,,,,,
util_park1_res_bus_ivt,IVT to + at airport - park loc 1 - resident business,@df.is_res_bus  * (df['partySizeParkLocation1AutoIVT'] + parkLocation1InVehicleTime),coef_ivt_res_bus,,,,,,,,,,,,,,,,,,,,,,,,
util_park1_vis_ivt,IVT to + at airport - park loc 1 - visitor,@df.is_vis_non_bus * (df['partySizeParkLocation1AutoIVT'] + parkLocation1InVehicleTime),coef_ivt_vis,,,,,,,,,,,,,,,,,,,,,,,,
util_park1_vis_us_ivt,IVT to + at airport - park loc 1 - visitor business,@df.is_vis_bus * (df['partySizeParkLocation1AutoIVT'] + parkLocation1InVehicleTime),coef_ivt_vis_bus,,,,,,,,,,,,,,,,,,,,,,,,
util_park1_park_cost,Access + park cost - park loc 1,@(parkLocation1AccessCost + (df['nights']*parkLocation1CostDay) + parkLocation1CostDay)*100,coef_c_cost,,,,,,,,,,,,,,,,,,,,,,,,
util_park1_aoc_cost,AOC + toll cost to airport - park loc 1,@df['partySizeParkLocation1AutoDist']*costPerMile + df['partySizeParkLocation1AutoToll'],coef_c_cost_ls,,,,,,,,,,,,,,,,,,,,,,,,
util_park1_acc_walk,walk time - park loc 1 to terminal,@parkLocation1WalkTime,coef_walk,,,,,,,,,,,,,,,,,,,,,,,,
util_park1_acc_wait,wait time - park loc 1 to terminal,@parkLocation1WaitTime,coef_wait,,,,,,,,,,,,,,,,,,,,,,,,
#,Park Loc 2,,,,,,,,,,,,,,,,,,,,,,,,,,
util_park2_res_ivt,IVT to + at airport - park loc 2 - resident,@df.is_res_non_bus * (df['partySizeParkLocation2AutoIVT'] + parkLocation2InVehicleTime),,coef_ivt_res,,,,,,,,,,,,,,,,,,,,,,,
util_park2_res_bus_ivt,IVT to + at airport - park loc 2 - resident business,@df.is_res_bus  * (df['partySizeParkLocation2AutoIVT'] + parkLocation2InVehicleTime),,coef_ivt_res_bus,,,,,,,,,,,,,,,,,,,,,,,
util_park2_vis_ivt,IVT to + at airport - park loc 2 - visitor,@df.is_vis_non_bus * (df['partySizeParkLocation2AutoIVT'] + parkLocation2InVehicleTime),,coef_ivt_vis,,,,,,,,,,,,,,,,,,,,,,,
util_park2_vis_us_ivt,IVT to + at airport - park loc 2 - visitor business,@df.is_vis_bus * (df['partySizeParkLocation2AutoIVT'] + parkLocation2InVehicleTime),,coef_ivt_vis_bus,,,,,,,,,,,,,,,,,,,,,,,
util_park2_park_cost,Access + park cost - park loc 2,@(parkLocation2AccessCost + (df['nights']*parkLocation2CostDay) + parkLocation2CostDay)*100,,coef_c_cost,,,,,,,,,,,,,,,,,,,,,,,
util_park2_aoc_cost,AOC + toll cost to airport - park loc 2,@df['partySizeParkLocation2AutoDist']*costPerMile + df['partySizeParkLocation2AutoToll'],,coef_c_cost_ls,,,,,,,,,,,,,,,,,,,,,,,
util_park2_acc_walk,walk time - park loc 2 to terminal,@parkLocation2WalkTime,,coef_walk,,,,,,,,,,,,,,,,,,,,,,,
util_park2_acc_wait,wait time - park loc 2 to terminal,@parkLocation2WaitTime,,coef_wait,,,,,,,,,,,,,,,,,,,,,,,
#,Park Loc 3,,,,,,,,,,,,,,,,,,,,,,,,,,
util_park3_res_ivt,IVT to + at airport - park loc 3 - resident,@df.is_res_non_bus * (df['partySizeParkLocation3AutoIVT'] + parkLocation3InVehicleTime),,,coef_ivt_res,,,,,,,,,,,,,,,,,,,,,,
util_park3_res_bus_ivt,IVT to + at airport - park loc 3 - resident business,@df.is_res_bus  * (df['partySizeParkLocation3AutoIVT'] + parkLocation3InVehicleTime),,,coef_ivt_res_bus,,,,,,,,,,,,,,,,,,,,,,
util_park3_vis_ivt,IVT to + at airport - park loc 3 - visitor,@df.is_vis_non_bus * (df['partySizeParkLocation3AutoIVT'] + parkLocation3InVehicleTime),,,coef_ivt_vis,,,,,,,,,,,,,,,,,,,,,,
util_park3_vis_us_ivt,IVT to + at airport - park loc 3 - visitor business,@df.is_vis_bus * (df['partySizeParkLocation3AutoIVT'] + parkLocation3InVehicleTime),,,coef_ivt_vis_bus,,,,,,,,,,,,,,,,,,,,,,
util_park3_park_cost,Access + park cost - park loc 3,@(parkLocation3AccessCost + (df['nights']*parkLocation3CostDay) + parkLocation3CostDay)*100,,,coef_c_cost,,,,,,,,,,,,,,,,,,,,,,
util_park3_aoc_cost,AOC + toll cost to airport - park loc 3,@df['partySizeParkLocation3AutoDist']*costPerMile + df['partySizeParkLocation3AutoToll'],,,coef_c_cost_ls,,,,,,,,,,,,,,,,,,,,,,
util_park3_acc_walk,walk time - park loc 3 to terminal,@parkLocation3WalkTime,,,coef_walk,,,,,,,,,,,,,,,,,,,,,,
util_park3_acc_wait,wait time - park loc 3 to terminal,@parkLocation3WaitTime,,,coef_wait,,,,,,,,,,,,,,,,,,,,,,
#,Park Loc 4,,,,,,,,,,,,,,,,,,,,,,,,,,
util_park4_res_ivt,IVT to + at airport - park loc 4 - resident,@df.is_res_non_bus * (df['partySizeParkLocation4AutoIVT'] + parkLocation4InVehicleTime),,,,coef_ivt_res,,,,,,,,,,,,,,,,,,,,,
util_park4_res_bus_ivt,IVT to + at airport - park loc 4 - resident business,@df.is_res_bus  * (df['partySizeParkLocation4AutoIVT'] + parkLocation4InVehicleTime),,,,coef_ivt_res_bus,,,,,,,,,,,,,,,,,,,,,
util_park4_vis_ivt,IVT to + at airport - park loc 4 - visitor,@df.is_vis_non_bus * (df['partySizeParkLocation4AutoIVT'] + parkLocation4InVehicleTime),,,,coef_ivt_vis,,,,,,,,,,,,,,,,,,,,,
util_park4_vis_us_ivt,IVT to + at airport - park loc 4 - visitor business,@df.is_vis_bus * (df['partySizeParkLocation4AutoIVT'] + parkLocation4InVehicleTime),,,,coef_ivt_vis_bus,,,,,,,,,,,,,,,,,,,,,
util_park4_park_cost,Access + park cost - park loc 4,@(parkLocation4AccessCost + (df['nights']*parkLocation4CostDay) + parkLocation4CostDay)*100,,,,coef_c_cost,,,,,,,,,,,,,,,,,,,,,
util_park4_aoc_cost,AOC + toll cost to airport - park loc 4,@df['partySizeParkLocation4AutoDist']*costPerMile + df['partySizeParkLocation4AutoToll'],,,,coef_c_cost_ls,,,,,,,,,,,,,,,,,,,,,
util_park4_acc_walk,walk time - park loc 4 to terminal,@parkLocation4WalkTime,,,,coef_walk,,,,,,,,,,,,,,,,,,,,,
util_park4_acc_wait,wait time - park loc 4 to terminal,@parkLocation4WaitTime,,,,coef_wait,,,,,,,,,,,,,,,,,,,,,
#,Park Loc 5,,,,,,,,,,,,,,,,,,,,,,,,,,
util_park5_res_ivt,IVT to + at airport - park loc 5 - resident,@df.is_res_non_bus * (df['partySizeParkLocation5AutoIVT'] + parkLocation5InVehicleTime),,,,,coef_ivt_res,,,,,,,,,,,,,,,,,,,,
util_park5_res_bus_ivt,IVT to + at airport - park loc 5 - resident business,@df.is_res_bus  * (df['partySizeParkLocation5AutoIVT'] + parkLocation5InVehicleTime),,,,,coef_ivt_res_bus,,,,,,,,,,,,,,,,,,,,
util_park5_vis_ivt,IVT to + at airport - park loc 5 - visitor,@df.is_vis_non_bus * (df['partySizeParkLocation5AutoIVT'] + parkLocation5InVehicleTime),,,,,coef_ivt_vis,,,,,,,,,,,,,,,,,,,,
util_park5_vis_us_ivt,IVT to + at airport - park loc 5 - visitor business,@df.is_vis_bus * (df['partySizeParkLocation5AutoIVT'] + parkLocation5InVehicleTime),,,,,coef_ivt_vis_bus,,,,,,,,,,,,,,,,,,,,
util_park5_park_cost,Access + park cost - park loc 5,@(parkLocation5AccessCost + (df['nights']*parkLocation5CostDay) + parkLocation5CostDay)*100,,,,,coef_c_cost,,,,,,,,,,,,,,,,,,,,
util_park5_aoc_cost,AOC + toll cost to airport - park loc 5,@df['partySizeParkLocation5AutoDist']*costPerMile + df['partySizeParkLocation5AutoToll'],,,,,coef_c_cost_ls,,,,,,,,,,,,,,,,,,,,
util_park5_acc_walk,walk time - park loc 5 to terminal,@parkLocation5WalkTime,,,,,coef_walk,,,,,,,,,,,,,,,,,,,,
util_park5_acc_wait,wait time - park loc 5 to terminal,@parkLocation5WaitTime,,,,,coef_wait,,,,,,,,,,,,,,,,,,,,
#,Park Escort,,,,,,,,,,,,,,,,,,,,,,,,,,
util_parkescort_res_ivt,IVT to + at airport - park escort - resident,@df.is_res_non_bus * (df['partySizeParkEscortLocationAutoIVT'] + parkEscortInVehicleTime),,,,,,coef_ivt_res,,,,,,,,,,,,,,,,,,,
util_parkescort_res_bus_ivt,IVT to + at airport - park escort - resident business,@df.is_res_bus  * (df['partySizeParkEscortLocationAutoIVT'] + parkEscortInVehicleTime),,,,,,coef_ivt_res_bus,,,,,,,,,,,,,,,,,,,
util_parkescort_vis_ivt,IVT to + at airport - park escort - visitor,@df.is_vis_non_bus * (df['partySizeParkEscortLocationAutoIVT'] + parkEscortInVehicleTime),,,,,,coef_ivt_vis,,,,,,,,,,,,,,,,,,,
util_parkescort_vis_us_ivt,IVT to + at airport - park escort - visitor business,@df.is_vis_bus * (df['partySizeParkEscortLocationAutoIVT'] + parkEscortInVehicleTime),,,,,,coef_ivt_vis_bus,,,,,,,,,,,,,,,,,,,
util_parkescort_park_cost,Access + park cost - park escort,@(parkEscortAccessCost +  parkEscortCostHour)*100,,,,,,coef_c_cost,,,,,,,,,,,,,,,,,,,
util_parkescort_aoc_cost,AOC + toll cost to airport - park escort,@df['partySizeParkEscortLocationAutoDist']*costPerMile + df['partySizeParkEscortLocationAutoToll'],,,,,,coef_c_cost_ls,,,,,,,,,,,,,,,,,,,
util_parkescort_acc_walk,walk time - park escort to terminal,@parkEscortWalkTime,,,,,,coef_walk,,,,,,,,,,,,,,,,,,,
util_parkescort_acc_wait,wait time - park escort to terminal,@parkEscortWaitTime,,,,,,coef_wait,,,,,,,,,,,,,,,,,,,
#,Rental Car,,,,,,,,,,,,,,,,,,,,,,,,,,
util_rental_res_ivt,IVT to + at airport - rental - resident,@df.is_res_non_bus * (df['partySizeRentalLocationAutoIVT'] + rentalCarInVehicleTime),,,,,,,coef_ivt_res,,,,,,,,,,,,,,,,,,
util_rental_res_bus_ivt,IVT to + at airport - rental - resident business,@df.is_res_bus  * (df['partySizeRentalLocationAutoIVT'] + rentalCarInVehicleTime),,,,,,,coef_ivt_res_bus,,,,,,,,,,,,,,,,,,
util_rental_vis_ivt,IVT to + at airport - rental - visitor,@df.is_vis_non_bus * (df['partySizeRentalLocationAutoIVT'] + rentalCarInVehicleTime),,,,,,,coef_ivt_vis,,,,,,,,,,,,,,,,,,
util_rental_vis_us_ivt,IVT to + at airport - rental - visitor business,@df.is_vis_bus * (df['partySizeRentalLocationAutoIVT'] + rentalCarInVehicleTime),,,,,,,coef_ivt_vis_bus,,,,,,,,,,,,,,,,,,
util_rental_park_cost,Access + cost - rental,@(df['nights']*rentalCostPerDay + rentalCarAccessCost + rentalCostPerDay)*100,,,,,,,coef_c_cost,,,,,,,,,,,,,,,,,,
util_rental_aoc_cost,AOC + toll cost to airport - rental,@df['partySizeRentalLocationAutoDist']*costPerMile + df['partySizeRentalLocationAutoToll'],,,,,,,coef_c_cost_ls,,,,,,,,,,,,,,,,,,
util_rental_acc_walk,walk time - rental to terminal,@rentalCarWalkTime,,,,,,,coef_walk,,,,,,,,,,,,,,,,,,
util_rental_acc_wait,wait time - rental to terminal,@rentalCarWaitTime,,,,,,,coef_wait,,,,,,,,,,,,,,,,,,
#,Airport Shuttle,,,,,,,,,,,,,,,,,,,,,,,,,,
util_shuttlevan_res_ivt,IVT to + at airport - shuttle van - resident,@df.is_res_non_bus * df['partySizeShuttleVanLocationAutoIVT'],,,,,,,,coef_ivt_res,,,,,,,,,,,,,,,,,
util_shuttlevan_res_bus_ivt,IVT to + at airport - shuttle van - resident business,@df.is_res_bus  * df['partySizeShuttleVanLocationAutoIVT'],,,,,,,,coef_ivt_res_bus,,,,,,,,,,,,,,,,,
util_shuttlevan_vis_ivt,IVT to + at airport - shuttle van - visitor,@df.is_vis_non_bus * df['partySizeShuttleVanLocationAutoIVT'],,,,,,,,coef_ivt_vis,,,,,,,,,,,,,,,,,
util_shuttlevan_vis_us_ivt,IVT to + at airport - shuttle van - visitor business,@df.is_vis_bus * df['partySizeShuttleVanLocationAutoIVT'],,,,,,,,coef_ivt_vis_bus,,,,,,,,,,,,,,,,,
util_shuttlevan_acc_walk,walk time - shuttle van to terminal,@shuttleVanWalkTime,,,,,,,,coef_walk,,,,,,,,,,,,,,,,,
util_shuttlevan_acc_wait,wait time - shuttle van to terminal,@shuttleVanWaitTime,,,,,,,,coef_wait,,,,,,,,,,,,,,,,,
#,Hotel Courtesy,,,,,,,,,,,,,,,,,,,,,,,,,,
util_hotel_courtesy_res_ivt,IVT to + at airport - hotel courtesy - resident,@df.is_res_non_bus * df['partySizeHotelCourtesyLocationAutoIVT'],,,,,,,,,coef_ivt_res,,,,,,,,,,,,,,,,
util_hotel_courtesy_res_bus_ivt,IVT to + at airport - hotel courtesy - resident business,@df.is_res_bus  * df['partySizeHotelCourtesyLocationAutoIVT'],,,,,,,,,coef_ivt_res_bus,,,,,,,,,,,,,,,,
util_hotel_courtesy_vis_ivt,IVT to + at airport - hotel courtesy - visitor,@df.is_vis_non_bus * df['partySizeHotelCourtesyLocationAutoIVT'],,,,,,,,,coef_ivt_vis,,,,,,,,,,,,,,,,
util_hotel_courtesy_vis_us_ivt,IVT to + at airport - hotel courtesy - visitor business,@df.is_vis_bus * df['partySizeHotelCourtesyLocationAutoIVT'],,,,,,,,,coef_ivt_vis_bus,,,,,,,,,,,,,,,,
util_hotel_courtesy_acc_walk,walk time - hotel courtesy to terminal,@hotelCourtesyWalkTime,,,,,,,,,coef_walk,,,,,,,,,,,,,,,,
util_hotel_courtesy_acc_wait,wait time - hotel courtesy to terminal,@hotelCourtesyWaitTime,,,,,,,,,coef_wait,,,,,,,,,,,,,,,,
#,Ride Hail location 1,,,,,,,,,,,,,,,,,,,,,,,,,,
util_ridehail1_res_ivt,IVT to + at airport - ridehail 1 - resident,@df.is_res_non_bus * df['partySizeRideHailLocation1AutoIVT'],,,,,,,,,,coef_ivt_res,,,,,,,,,,,,,,,
util_ridehail1_res_bus_ivt,IVT to + at airport - ridehail 1 - resident business,@df.is_res_bus  * df['partySizeRideHailLocation1AutoIVT'],,,,,,,,,,coef_ivt_res_bus,,,,,,,,,,,,,,,
util_ridehail1_vis_ivt,IVT to + at airport - ridehail 1 - visitor,@df.is_vis_non_bus * df['partySizeRideHailLocation1AutoIVT'],,,,,,,,,,coef_ivt_vis,,,,,,,,,,,,,,,
util_ridehail1_vis_us_ivt,IVT to + at airport - ridehail 1 - visitor business,@df.is_vis_bus * df['partySizeRideHailLocation1AutoIVT'],,,,,,,,,,coef_ivt_vis_bus,,,,,,,,,,,,,,,
#,,FIXME dollars or cents?? here and below,,,,,,,,,,,,,,,,,,,,,,,,,
util_ridehail1_cist,Cost - ridehail 1,@df.ridehail_loc1_cost_capped * 100,,,,,,,,,,coef_c_cost,,,,,,,,,,,,,,,
util_ridehail1_acc_walk,walk time - ridehail 1 to terminal,@ridehailLocation1AccessWalkTime,,,,,,,,,,coef_walk,,,,,,,,,,,,,,,
util_ridehail1_acc_wait,wait time - ridehail 1 to terminal,@ridehailWaitTime,,,,,,,,,,coef_wait,,,,,,,,,,,,,,,
#,Ride Hail location 2,,,,,,,,,,,,,,,,,,,,,,,,,,
util_ridehail2_res_ivt,IVT to + at airport - ridehail 2 - resident,@df.is_res_non_bus * df['partySizeRideHailLocation2AutoIVT'],,,,,,,,,,,coef_ivt_res,,,,,,,,,,,,,,
util_ridehail2_res_bus_ivt,IVT to + at airport - ridehail 2 - resident business,@df.is_res_bus  * df['partySizeRideHailLocation2AutoIVT'],,,,,,,,,,,coef_ivt_res_bus,,,,,,,,,,,,,,
util_ridehail2_vis_ivt,IVT to + at airport - ridehail 2 - visitor,@df.is_vis_non_bus * df['partySizeRideHailLocation2AutoIVT'],,,,,,,,,,,coef_ivt_vis,,,,,,,,,,,,,,
util_ridehail2_vis_us_ivt,IVT to + at airport - ridehail 2 - visitor business,@df.is_vis_bus * df['partySizeRideHailLocation2AutoIVT'],,,,,,,,,,,coef_ivt_vis_bus,,,,,,,,,,,,,,
util_ridehail2_cist,Cost - ridehail 2,@df.ridehail_loc2_cost_capped * 100,,,,,,,,,,,coef_c_cost,,,,,,,,,,,,,,
util_ridehail2_acc_walk,walk time - ridehail 2 to terminal,@ridehailLocation2AccessWalkTime,,,,,,,,,,,coef_walk,,,,,,,,,,,,,,
util_ridehail2_acc_wait,wait time - ridehail 2 to terminal,@ridehailWaitTime,,,,,,,,,,,coef_wait,,,,,,,,,,,,,,
#,Taxi location 1,,,,,,,,,,,,,,,,,,,,,,,,,,
util_taxi1_res_ivt,IVT to + at airport - taxi 1 - resident,@df.is_res_non_bus * df['partySizeRideHailLocation1AutoIVT'],,,,,,,,,,,,coef_ivt_res,,,,,,,,,,,,,
util_taxi1_res_bus_ivt,IVT to + at airport - taxi 1 - resident business,@df.is_res_bus  * df['partySizeRideHailLocation1AutoIVT'],,,,,,,,,,,,coef_ivt_res_bus,,,,,,,,,,,,,
util_taxi1_vis_ivt,IVT to + at airport - taxi 1 - visitor,@df.is_vis_non_bus * df['partySizeRideHailLocation1AutoIVT'],,,,,,,,,,,,coef_ivt_vis,,,,,,,,,,,,,
util_taxi1_vis_us_ivt,IVT to + at airport - taxi 1 - visitor business,@df.is_vis_bus * df['partySizeRideHailLocation1AutoIVT'],,,,,,,,,,,,coef_ivt_vis_bus,,,,,,,,,,,,,
util_taxi1_cist,Cost - taxi 1,@df.taxi_loc1_cost_capped * 100,,,,,,,,,,,,coef_c_cost,,,,,,,,,,,,,
util_taxi1_acc_walk,walk time - taxi 1 to terminal,@taxiLocation1AccessWalkTime,,,,,,,,,,,,coef_walk,,,,,,,,,,,,,
util_taxi1_acc_wait,wait time - taxi 1 to terminal,@taxiWaitTime,,,,,,,,,,,,coef_wait,,,,,,,,,,,,,
#,Taxi location 2,,,,,,,,,,,,,,,,,,,,,,,,,,
util_taxi2_res_ivt,IVT to + at airport - taxi 2 - resident,@df.is_res_non_bus * df['partySizeRideHailLocation2AutoIVT'],,,,,,,,,,,,,coef_ivt_res,,,,,,,,,,,,
util_taxi2_res_bus_ivt,IVT to + at airport - taxi 2 - resident business,@df.is_res_bus  * df['partySizeRideHailLocation2AutoIVT'],,,,,,,,,,,,,coef_ivt_res_bus,,,,,,,,,,,,
util_taxi2_vis_ivt,IVT to + at airport - taxi 2 - visitor,@df.is_vis_non_bus * df['partySizeRideHailLocation2AutoIVT'],,,,,,,,,,,,,coef_ivt_vis,,,,,,,,,,,,
util_taxi2_vis_us_ivt,IVT to + at airport - taxi 2 - visitor business,@df.is_vis_bus * df['partySizeRideHailLocation2AutoIVT'],,,,,,,,,,,,,coef_ivt_vis_bus,,,,,,,,,,,,
util_taxi2_cist,Cost - taxi 2,@df.taxi_loc2_cost_capped * 100,,,,,,,,,,,,,coef_c_cost,,,,,,,,,,,,
util_taxi2_acc_walk,walk time - taxi 2 to terminal,@taxiLocation2AccessWalkTime,,,,,,,,,,,,,coef_walk,,,,,,,,,,,,
util_taxi2_acc_wait,wait time - taxi 2 to terminal,@taxiWaitTime,,,,,,,,,,,,,coef_wait,,,,,,,,,,,,
#,Curb location 1,,,,,,,,,,,,,,,,,,,,,,,,,,
util_curb1_res_ivt,IVT to + at airport - curb loc 1 - resident,@df.is_res_non_bus * (df['partySizeCurbLocation1AutoIVT'] + curbLocation1InVehicleTime),,,,,,,,,,,,,,coef_ivt_res,,,,,,,,,,,
util_curb1_res_bus_ivt,IVT to + at airport - curb loc 1 - resident business,@df.is_res_bus  * (df['partySizeCurbLocation1AutoIVT'] + curbLocation1InVehicleTime),,,,,,,,,,,,,,coef_ivt_res_bus,,,,,,,,,,,
util_curb1_vis_ivt,IVT to + at airport - curb loc 1 - visitor,@df.is_vis_non_bus * (df['partySizeCurbLocation1AutoIVT'] + curbLocation1InVehicleTime),,,,,,,,,,,,,,coef_ivt_vis,,,,,,,,,,,
util_curb1_vis_us_ivt,IVT to + at airport - curb loc 1 - visitor business,@df.is_vis_bus * (df['partySizeCurbLocation1AutoIVT'] + curbLocation1InVehicleTime),,,,,,,,,,,,,,coef_ivt_vis_bus,,,,,,,,,,,
util_curb1_aoc_cost,AOC + toll cost to airport - curb loc 1,@df['partySizeCurbLocation1AutoDist']*costPerMile + df['partySizeCurbLocation1AutoToll'],,,,,,,,,,,,,,coef_c_cost_ls,,,,,,,,,,,
util_curb1_acc_walk,walk time - curb loc 1 to terminal,@curbLocation1WalkTime,,,,,,,,,,,,,,coef_walk,,,,,,,,,,,
util_curb1_acc_wait,wait time - curb loc 1 to terminal,@curbLocation1WaitTime,,,,,,,,,,,,,,coef_wait,,,,,,,,,,,
#,Curb location 2,,,,,,,,,,,,,,,,,,,,,,,,,,
util_curb2_res_ivt,IVT to + at airport - curb loc 2 - resident,@df.is_res_non_bus * (df['partySizeCurbLocation2AutoIVT'] + curbLocation2InVehicleTime),,,,,,,,,,,,,,,coef_ivt_res,,,,,,,,,,
util_curb2_res_bus_ivt,IVT to + at airport - curb loc 2 - resident business,@df.is_res_bus  * (df['partySizeCurbLocation2AutoIVT'] + curbLocation2InVehicleTime),,,,,,,,,,,,,,,coef_ivt_res_bus,,,,,,,,,,
util_curb2_vis_ivt,IVT to + at airport - curb loc 2 - visitor,@df.is_vis_non_bus * (df['partySizeCurbLocation2AutoIVT'] + curbLocation2InVehicleTime),,,,,,,,,,,,,,,coef_ivt_vis,,,,,,,,,,
util_curb2_vis_us_ivt,IVT to + at airport - curb loc 2 - visitor business,@df.is_vis_bus * (df['partySizeCurbLocation2AutoIVT'] + curbLocation2InVehicleTime),,,,,,,,,,,,,,,coef_ivt_vis_bus,,,,,,,,,,
util_curb2_aoc_cost,AOC + toll cost to airport - curb loc 2,@df['partySizeCurbLocation2AutoDist']*costPerMile + df['partySizeCurbLocation2AutoToll'],,,,,,,,,,,,,,,coef_c_cost_ls,,,,,,,,,,
util_curb2_acc_walk,walk time - curb loc 2 to terminal,@curbLocation2WalkTime,,,,,,,,,,,,,,,coef_walk,,,,,,,,,,
util_curb2_acc_wait,wait time - curb loc 2 to terminal,@curbLocation2WaitTime,,,,,,,,,,,,,,,coef_wait,,,,,,,,,,
#,Curb location 3,,,,,,,,,,,,,,,,,,,,,,,,,,
util_curb3_res_ivt,IVT to + at airport - curb loc 3 - resident,@df.is_res_non_bus * (df['partySizeCurbLocation3AutoIVT'] + curbLocation3InVehicleTime),,,,,,,,,,,,,,,,coef_ivt_res,,,,,,,,,
util_curb3_res_bus_ivt,IVT to + at airport - curb loc 3 - resident business,@df.is_res_bus  * (df['partySizeCurbLocation3AutoIVT'] + curbLocation3InVehicleTime),,,,,,,,,,,,,,,,coef_ivt_res_bus,,,,,,,,,
util_curb3_vis_ivt,IVT to + at airport - curb loc 3 - visitor,@df.is_vis_non_bus * (df['partySizeCurbLocation3AutoIVT'] + curbLocation3InVehicleTime),,,,,,,,,,,,,,,,coef_ivt_vis,,,,,,,,,
util_curb3_vis_us_ivt,IVT to + at airport - curb loc 3 - visitor business,@df.is_vis_bus * (df['partySizeCurbLocation3AutoIVT'] + curbLocation3InVehicleTime),,,,,,,,,,,,,,,,coef_ivt_vis_bus,,,,,,,,,
util_curb3_aoc_cost,AOC + toll cost to airport - curb loc 3,@df['partySizeCurbLocation3AutoDist']*costPerMile + df['partySizeCurbLocation3AutoToll'],,,,,,,,,,,,,,,,coef_c_cost_ls,,,,,,,,,
util_curb3_acc_walk,walk time - curb loc 3 to terminal,@curbLocation3WalkTime,,,,,,,,,,,,,,,,coef_walk,,,,,,,,,
util_curb3_acc_wait,wait time - curb loc 3 to terminal,@curbLocation3WaitTime,,,,,,,,,,,,,,,,coef_wait,,,,,,,,,
#,Curb location 4,,,,,,,,,,,,,,,,,,,,,,,,,,
util_curb4_res_ivt,IVT to + at airport - curb loc 4 - resident,@df.is_res_non_bus * (df['partySizeCurbLocation4AutoIVT'] + curbLocation4InVehicleTime),,,,,,,,,,,,,,,,,coef_ivt_res,,,,,,,,
util_curb4_res_bus_ivt,IVT to + at airport - curb loc 4 - resident business,@df.is_res_bus  * (df['partySizeCurbLocation4AutoIVT'] + curbLocation4InVehicleTime),,,,,,,,,,,,,,,,,coef_ivt_res_bus,,,,,,,,
util_curb4_vis_ivt,IVT to + at airport - curb loc 4 - visitor,@df.is_vis_non_bus * (df['partySizeCurbLocation4AutoIVT'] + curbLocation4InVehicleTime),,,,,,,,,,,,,,,,,coef_ivt_vis,,,,,,,,
util_curb4_vis_us_ivt,IVT to + at airport - curb loc 4 - visitor business,@df.is_vis_bus * (df['partySizeCurbLocation4AutoIVT'] + curbLocation4InVehicleTime),,,,,,,,,,,,,,,,,coef_ivt_vis_bus,,,,,,,,
util_curb4_aoc_cost,AOC + toll cost to airport - curb loc 4,@df['partySizeCurbLocation4AutoDist']*costPerMile + df['partySizeCurbLocation4AutoToll'],,,,,,,,,,,,,,,,,coef_c_cost_ls,,,,,,,,
util_curb4_acc_walk,walk time - curb loc 4 to terminal,@curbLocation4WalkTime,,,,,,,,,,,,,,,,,coef_walk,,,,,,,,
util_curb4_acc_wait,wait time - curb loc 4 to terminal,@curbLocation4WaitTime,,,,,,,,,,,,,,,,,coef_wait,,,,,,,,
#,Curb location 5,,,,,,,,,,,,,,,,,,,,,,,,,,
util_curb5_res_ivt,IVT to + at airport - curb loc 5 - resident,@df.is_res_non_bus * (df['partySizeCurbLocation5AutoIVT'] + curbLocation5InVehicleTime),,,,,,,,,,,,,,,,,,coef_ivt_res,,,,,,,
util_curb5_res_bus_ivt,IVT to + at airport - curb loc 5 - resident business,@df.is_res_bus  * (df['partySizeCurbLocation5AutoIVT'] + curbLocation5InVehicleTime),,,,,,,,,,,,,,,,,,coef_ivt_res_bus,,,,,,,
util_curb5_vis_ivt,IVT to + at airport - curb loc 5 - visitor,@df.is_vis_non_bus * (df['partySizeCurbLocation5AutoIVT'] + curbLocation5InVehicleTime),,,,,,,,,,,,,,,,,,coef_ivt_vis,,,,,,,
util_curb5_vis_us_ivt,IVT to + at airport - curb loc 5 - visitor business,@df.is_vis_bus * (df['partySizeCurbLocation5AutoIVT'] + curbLocation5InVehicleTime),,,,,,,,,,,,,,,,,,coef_ivt_vis_bus,,,,,,,
util_curb5_aoc_cost,AOC + toll cost to airport - curb loc 5,@df['partySizeCurbLocation5AutoDist']*costPerMile + df['partySizeCurbLocation5AutoToll'],,,,,,,,,,,,,,,,,,coef_c_cost_ls,,,,,,,
util_curb5_acc_walk,walk time - curb loc 5 to terminal,@curbLocation5WalkTime,,,,,,,,,,,,,,,,,,coef_walk,,,,,,,
util_curb5_acc_wait,wait time - curb loc 5 to terminal,@curbLocation5WaitTime,,,,,,,,,,,,,,,,,,coef_wait,,,,,,,
#,walk bus,,,,,,,,,,,,,,,,,,,,,,,,,,
util_walk_bus_unavailable,Walk to Bus availability,walk_bus_available == False,,,,,,,,,,,,,,,,,,,-999,,,,,,
util_walk_bus_res_weighted_time,Walk to bus weighted time - resident,@df.is_res_non_bus * df.weighted_bus_time,,,,,,,,,,,,,,,,,,,coef_ivt_res,,,,,,
util_walk_bus_res_bus_weighted_time,Walk to bus weighted time - resident business,@df.is_res_bus  * df.weighted_bus_time,,,,,,,,,,,,,,,,,,,coef_ivt_res_bus,,,,,,
util_walk_bus_vis_weighted_time,Walk to bus weighted time - visitor,@df.is_vis_non_bus * df.weighted_bus_time,,,,,,,,,,,,,,,,,,,coef_ivt_vis,,,,,,
util_walk_bus_vis_us_weighted_time,Walk to bus weighted time - visitor business,@df.is_vis_bus * df.weighted_bus_time,,,,,,,,,,,,,,,,,,,coef_ivt_vis_bus,,,,,,
#,walk light rail,,,,,,,,,,,,,,,,,,,,,,,,,,
util_walk_lrail_unavailable,Walk to light rail availability,walk_lrail_available == False,,,,,,,,,,,,,,,,,,,-999,,,,,,
util_walk_lrail_res_weighted_time,Walk to light rail weighted time - resident,@df.is_res_non_bus * df.weighted_lrail_time,,,,,,,,,,,,,,,,,,,,coef_ivt_res,,,,,
util_walk_lrail_res_bus_weighted_time,Walk to light rail weighted time - resident business,@df.is_res_bus  * df.weighted_lrail_time,,,,,,,,,,,,,,,,,,,,coef_ivt_res_bus,,,,,
util_walk_lrail_vis_weighted_time,Walk to light rail weighted time - visitor,@df.is_vis_non_bus * df.weighted_lrail_time,,,,,,,,,,,,,,,,,,,,coef_ivt_vis,,,,,
util_walk_lrail_vis_us_weighted_time,Walk to light rail weighted time - visitor business,@df.is_vis_bus * df.weighted_lrail_time,,,,,,,,,,,,,,,,,,,,coef_ivt_vis_bus,,,,,
#,walk commuter rail,,,,,,,,,,,,,,,,,,,,,,,,,,
util_walk_crail_unavailable,Walk to commuter rail availability,walk_crail_available == False,,,,,,,,,,,,,,,,,,,-999,,,,,,
util_walk_crail_res_weighted_time,Walk to commuter rail weighted time - resident,@df.is_res_non_bus * df.weighted_crail_time,,,,,,,,,,,,,,,,,,,,,coef_ivt_res,,,,
util_walk_crail_res_bus_weighted_time,Walk to commuter rail weighted time - resident business,@df.is_res_bus  * df.weighted_crail_time,,,,,,,,,,,,,,,,,,,,,coef_ivt_res_bus,,,,
util_walk_crail_vis_weighted_time,Walk to commuter rail weighted time - visitor,@df.is_vis_non_bus * df.weighted_crail_time,,,,,,,,,,,,,,,,,,,,,coef_ivt_vis,,,,
util_walk_crail_vis_us_weighted_time,Walk to commuter rail weighted time - visitor business,@df.is_vis_bus * df.weighted_crail_time,,,,,,,,,,,,,,,,,,,,,coef_ivt_vis_bus,,,,
#,walk passenger ferry,,,,,,,,,,,,,,,,,,,,,,,,,,
util_walk_pferry_unavailable,Walk to passenger ferry availability,walk_pferry_available == False,,,,,,,,,,,,,,,,,,,-999,,,,,,
util_walk_pferry_res_weighted_time,Walk to passenger ferry weighted time - resident,@df.is_res_non_bus * df.weighted_pferry_time,,,,,,,,,,,,,,,,,,,,,,coef_ivt_res,,,
util_walk_pferry_res_bus_weighted_time,Walk to passenger ferry weighted time - resident business,@df.is_res_bus  * df.weighted_pferry_time,,,,,,,,,,,,,,,,,,,,,,coef_ivt_res_bus,,,
util_walk_pferry_vis_weighted_time,Walk to passenger ferry weighted time - visitor,@df.is_vis_non_bus * df.weighted_pferry_time,,,,,,,,,,,,,,,,,,,,,,coef_ivt_vis,,,
util_walk_pferry_vis_us_weighted_time,Walk to passenger ferry weighted time - visitor business,@df.is_vis_bus * df.weighted_pferry_time,,,,,,,,,,,,,,,,,,,,,,coef_ivt_vis_bus,,,
#,walk ferry,,,,,,,,,,,,,,,,,,,,,,,,,,
util_walk_ferry_unavailable,Walk to ferry availability,walk_ferry_available == False,,,,,,,,,,,,,,,,,,,-999,,,,,,
util_walk_ferry_res_weighted_time,Walk to ferry weighted time - resident,@df.is_res_non_bus * df.weighted_ferry_time,,,,,,,,,,,,,,,,,,,,,,,coef_ivt_res,,
util_walk_ferry_res_bus_weighted_time,Walk to ferry weighted time - resident business,@df.is_res_bus  * df.weighted_ferry_time,,,,,,,,,,,,,,,,,,,,,,,coef_ivt_res_bus,,
util_walk_ferry_vis_weighted_time,Walk to ferry weighted time - visitor,@df.is_vis_non_bus * df.weighted_ferry_time,,,,,,,,,,,,,,,,,,,,,,,coef_ivt_vis,,
util_walk_ferry_vis_us_weighted_time,Walk to ferry weighted time - visitor business,@df.is_vis_bus * df.weighted_ferry_time,,,,,,,,,,,,,,,,,,,,,,,coef_ivt_vis_bus,,
#,calibration constants,,,,,,,,,,,,,,,,,,,,,,,,,,
constant_pupr0,,@df['purpose_id'] ==0,coef_asc_res_bus_park,coef_asc_res_bus_park,coef_asc_res_bus_park,coef_asc_res_bus_park,coef_asc_res_bus_park,coef_asc_res_bus_escort,coef_asc_res_bus_rental,coef_asc_res_bus_shuttle,coef_asc_res_bus_shuttle,coef_asc_res_bus_ridehail,coef_asc_res_bus_ridehail,coef_asc_res_bus_ridehail,coef_asc_res_bus_ridehail,coef_asc_res_bus_curbside,coef_asc_res_bus_curbside,coef_asc_res_bus_curbside,coef_asc_res_bus_curbside,coef_asc_res_bus_curbside,coef_asc_res_bus_transit,coef_asc_res_bus_transit,coef_asc_res_bus_transit,coef_asc_res_bus_transit,coef_asc_res_bus_transit,,
constant_pupr1,,@df['purpose_id'] ==1,coef_asc_res_per_park,coef_asc_res_per_park,coef_asc_res_per_park,coef_asc_res_per_park,coef_asc_res_per_park,coef_asc_res_per_escort,coef_asc_res_per_rental,coef_asc_res_per_shuttle,coef_asc_res_per_shuttle,coef_asc_res_per_ridehail,coef_asc_res_per_ridehail,coef_asc_res_per_ridehail,coef_asc_res_per_ridehail,coef_asc_res_per_curbside,coef_asc_res_per_curbside,coef_asc_res_per_curbside,coef_asc_res_per_curbside,coef_asc_res_per_curbside,coef_asc_res_per_transit,coef_asc_res_per_transit,coef_asc_res_per_transit,coef_asc_res_per_transit,coef_asc_res_per_transit,,
constant_pupr2,,@df['purpose_id'] ==2,coef_asc_vis_bus_park,coef_asc_vis_bus_park,coef_asc_vis_bus_park,coef_asc_vis_bus_park,coef_asc_vis_bus_park,coef_asc_vis_bus_escort,coef_asc_vis_bus_rental,coef_asc_vis_bus_shuttle,coef_asc_vis_bus_shuttle,coef_asc_vis_bus_ridehail,coef_asc_vis_bus_ridehail,coef_asc_vis_bus_ridehail,coef_asc_vis_bus_ridehail,coef_asc_vis_bus_curbside,coef_asc_vis_bus_curbside,coef_asc_vis_bus_curbside,coef_asc_vis_bus_curbside,coef_asc_vis_bus_curbside,coef_asc_vis_bus_transit,coef_asc_vis_bus_transit,coef_asc_vis_bus_transit,coef_asc_vis_bus_transit,coef_asc_vis_bus_transit,,
constant_pupr3,,@df['purpose_id'] ==3,coef_asc_vis_per_park,coef_asc_vis_per_park,coef_asc_vis_per_park,coef_asc_vis_per_park,coef_asc_vis_per_park,coef_asc_vis_per_escort,coef_asc_vis_per_rental,coef_asc_vis_per_shuttle,coef_asc_vis_per_shuttle,coef_asc_vis_per_ridehail,coef_asc_vis_per_ridehail,coef_asc_vis_per_ridehail,coef_asc_vis_per_ridehail,coef_asc_vis_per_curbside,coef_asc_vis_per_curbside,coef_asc_vis_per_curbside,coef_asc_vis_per_curbside,coef_asc_vis_per_curbside,coef_asc_vis_per_transit,coef_asc_vis_per_transit,coef_asc_vis_per_transit,coef_asc_vis_per_transit,coef_asc_vis_per_transit,,
constant_pupr4,,@df['purpose_id'] ==4,coef_asc_ext_park,coef_asc_ext_park,coef_asc_ext_park,coef_asc_ext_park,coef_asc_ext_park,coef_asc_ext_escort,coef_asc_ext_rental,coef_asc_ext_shuttle,coef_asc_ext_shuttle,coef_asc_ext_ridehail,coef_asc_ext_ridehail,coef_asc_ext_ridehail,coef_asc_ext_ridehail,coef_asc_ext_curbside,coef_asc_ext_curbside,coef_asc_ext_curbside,coef_asc_ext_curbside,coef_asc_ext_curbside,coef_asc_ext_transit,coef_asc_ext_transit,coef_asc_ext_transit,coef_asc_ext_transit,coef_asc_ext_transit,,
constant_airport,,1,coef_calib_park_loc1,coef_calib_park_loc2,coef_calib_park_loc3,coef_calib_park_loc4,coef_calib_park_loc5,coef_calib_park_escort,coef_calib_rental,coef_calib_shuttlevan,coef_calib_hotel_courtesy,coef_calib_ridehail_loc1,coef_calib_ridehail_loc2,coef_calib_taxi_loc1,coef_calib_taxi_loc2,coef_calib_curb_loc1,coef_calib_curb_loc2,coef_calib_curb_loc3,coef_calib_curb_loc4,coef_calib_curb_loc5,coef_calib_walk_bus,coef_calib_walk_lr,coef_calib_walk_cr,coef_calib_walk_fr,coef_calib_walk_fp,,
#,Constants from NREL model,,,,,,,,,,,,,,,,,,,,,,,,,,
util_nrel_res_asc,resident ASCs,(is_res_bus + is_res_non_bus) > 0,,,,,,,,coef_res_ASC_shuttle,coef_res_ASC_shuttle,coef_res_ASC_tnc,coef_res_ASC_tnc,coef_res_ASC_taxi_limo,coef_res_ASC_taxi_limo,,,,,,,,,,,,
util_nrel_vis_asc,visitor ASCs,(is_vis_bus + is_vis_non_bus) > 0,,,,,,,,coef_vis_ASC_shuttle,coef_vis_ASC_shuttle,coef_vis_ASC_tnc,coef_vis_ASC_tnc,coef_vis_ASC_taxi_limo,coef_vis_ASC_taxi_limo,,,,,,coef_vis_ASC_transit,coef_vis_ASC_transit,coef_vis_ASC_transit,coef_vis_ASC_transit,coef_vis_ASC_transit,,
util_nrel_res_2019_tnc_asc,2019 TNC resident ASCs,(is_res_bus + is_res_non_bus) > 0,,,,,,,,,,coef_year_2019_res_tnc,coef_year_2019_res_tnc,,,,,,,,,,,,,,
util_nrel_vis_2019_tnc_asc,2019 TNC visitor ASCs,(is_vis_bus + is_vis_non_bus) > 0,,,,,,,,,,coef_year_2019_vis_tnc,coef_year_2019_vis_tnc,,,,,,,,,,,,,,
util_nrel_,Visitor party size 1 ASCs,((is_vis_bus + is_vis_non_bus) > 0) & (party_size == 1),,,,,,,,coef_party_of_1_vis_shuttle,coef_party_of_1_vis_shuttle,coef_party_of_1_vis_tnc,coef_party_of_1_vis_tnc,,,,,,,,,,,,,,
util_nrel_res_income_asc,Resident Income ASCs -- income segmentation applied in coef template,(is_res_bus + is_res_non_bus) > 0,coef_hh_inc_res_park_on_airport,,,,,,,,,,,,,,,,,,,,,,,,
util_nrel_vis_income,Visitor Income ASCs -- income segmentation applied in coef template,(is_vis_bus + is_vis_non_bus) > 0,,,,,,,,,,coef_hh_inc_vis_tnc,coef_hh_inc_vis_tnc,,,,,,,,,,,,,,
